model,assignment,emotion,personality,bleu
llama_3_1_8b,shared54,anger,HHH,5.881019893899204
llama_3_1_8b,shared54,anger,HHL,6.025909372236958
llama_3_1_8b,shared54,anger,HLH,5.91155658709107
llama_3_1_8b,shared54,anger,HLL,5.83876127320955
llama_3_1_8b,shared54,anger,LHH,5.72333510167993
llama_3_1_8b,shared54,anger,LHL,5.7345393457117595
llama_3_1_8b,shared54,anger,LLH,6.126975685234306
llama_3_1_8b,shared54,anger,LLL,5.987425287356322
llama_3_1_8b,shared54,anger,NNN,6.20722590627763
llama_3_1_8b,shared54,disgust,HHH,6.207655172413793
llama_3_1_8b,shared54,disgust,HHL,5.689047303271441
llama_3_1_8b,shared54,disgust,HLH,6.1188545534924845
llama_3_1_8b,shared54,disgust,HLL,5.981645446507516
llama_3_1_8b,shared54,disgust,LHH,6.07661759504863
llama_3_1_8b,shared54,disgust,LHL,5.979245800176835
llama_3_1_8b,shared54,disgust,LLH,6.173945623342175
llama_3_1_8b,shared54,disgust,LLL,6.758838196286471
llama_3_1_8b,shared54,disgust,NNN,5.897303713527852
llama_3_1_8b,shared54,fear,HHH,5.828911140583554
llama_3_1_8b,shared54,fear,HHL,5.727833333333334
llama_3_1_8b,shared54,fear,HLH,6.022206012378426
llama_3_1_8b,shared54,fear,HLL,5.713153846153846
llama_3_1_8b,shared54,fear,LHH,6.22972590627763
llama_3_1_8b,shared54,fear,LHL,5.90133465959328
llama_3_1_8b,shared54,fear,LLH,5.862522546419098
llama_3_1_8b,shared54,fear,LLL,5.741284703801945
llama_3_1_8b,shared54,fear,NNN,5.855711759504863
llama_3_1_8b,shared54,happiness,HHH,5.801606984969054
llama_3_1_8b,shared54,happiness,HHL,6.1065857648099025
llama_3_1_8b,shared54,happiness,HLH,5.925261715296198
llama_3_1_8b,shared54,happiness,HLL,5.8630923961096375
llama_3_1_8b,shared54,happiness,LHH,5.743428824049514
llama_3_1_8b,shared54,happiness,LHL,5.760514146772767
llama_3_1_8b,shared54,happiness,LLH,5.970889920424404
llama_3_1_8b,shared54,happiness,LLL,5.957570291777188
llama_3_1_8b,shared54,happiness,NNN,6.065125552608312
llama_3_1_8b,shared54,neutral,HHH,5.87210433244916
llama_3_1_8b,shared54,neutral,HHL,5.839145004420867
llama_3_1_8b,shared54,neutral,HLH,6.008076923076923
llama_3_1_8b,shared54,neutral,HLL,6.266039787798409
llama_3_1_8b,shared54,neutral,LHH,5.685115826702034
llama_3_1_8b,shared54,neutral,LHL,5.938355437665783
llama_3_1_8b,shared54,neutral,LLH,6.043372679045094
llama_3_1_8b,shared54,neutral,LLL,6.217891688770999
llama_3_1_8b,shared54,neutral,NNN,5.93650397877984
llama_3_1_8b,shared54,sadness,HHH,5.906103890362512
llama_3_1_8b,shared54,sadness,HHL,5.8409845269672855
llama_3_1_8b,shared54,sadness,HLH,5.971436339522546
llama_3_1_8b,shared54,sadness,HLL,6.130693191865605
llama_3_1_8b,shared54,sadness,LHH,6.1383726790450925
llama_3_1_8b,shared54,sadness,LHL,6.062807250221043
llama_3_1_8b,shared54,sadness,LLH,5.704595048629532
llama_3_1_8b,shared54,sadness,LLL,5.928664456233421
llama_3_1_8b,shared54,sadness,NNN,5.981898762157383
mistral_small_3_24b_awq,shared54,anger,HHH,6.743942970822281
mistral_small_3_24b_awq,shared54,anger,HHL,6.936481432360742
mistral_small_3_24b_awq,shared54,anger,HLH,6.931494694960212
mistral_small_3_24b_awq,shared54,anger,HLL,6.561259062776305
mistral_small_3_24b_awq,shared54,anger,LHH,7.086920424403182
mistral_small_3_24b_awq,shared54,anger,LHL,6.8921392572944296
mistral_small_3_24b_awq,shared54,anger,LLH,7.251939434129088
mistral_small_3_24b_awq,shared54,anger,LLL,6.834518125552608
mistral_small_3_24b_awq,shared54,anger,NNN,6.947628647214854
mistral_small_3_24b_awq,shared54,disgust,HHH,6.833879310344828
mistral_small_3_24b_awq,shared54,disgust,HHL,6.872523430592396
mistral_small_3_24b_awq,shared54,disgust,HLH,6.98262157382847
mistral_small_3_24b_awq,shared54,disgust,HLL,6.886320512820513
mistral_small_3_24b_awq,shared54,disgust,LHH,6.855534482758621
mistral_small_3_24b_awq,shared54,disgust,LHL,6.903030061892131
mistral_small_3_24b_awq,shared54,disgust,LLH,7.148474358974359
mistral_small_3_24b_awq,shared54,disgust,LLL,6.667980106100796
mistral_small_3_24b_awq,shared54,disgust,NNN,7.1133284703801944
mistral_small_3_24b_awq,shared54,fear,HHH,6.511906277630415
mistral_small_3_24b_awq,shared54,fear,HHL,6.38377807250221
mistral_small_3_24b_awq,shared54,fear,HLH,6.487739610963749
mistral_small_3_24b_awq,shared54,fear,HLL,6.554218390804598
mistral_small_3_24b_awq,shared54,fear,LHH,6.684747126436782
mistral_small_3_24b_awq,shared54,fear,LHL,6.875490716180371
mistral_small_3_24b_awq,shared54,fear,LLH,6.859136162687887
mistral_small_3_24b_awq,shared54,fear,LLL,6.804657382847038
mistral_small_3_24b_awq,shared54,fear,NNN,6.689762599469496
mistral_small_3_24b_awq,shared54,happiness,HHH,6.745777188328912
mistral_small_3_24b_awq,shared54,happiness,HHL,6.800039787798408
mistral_small_3_24b_awq,shared54,happiness,HLH,6.666192749778957
mistral_small_3_24b_awq,shared54,happiness,HLL,6.932053934571176
mistral_small_3_24b_awq,shared54,happiness,LHH,6.742301945181255
mistral_small_3_24b_awq,shared54,happiness,LHL,6.79217816091954
mistral_small_3_24b_awq,shared54,happiness,LLH,6.918883731211317
mistral_small_3_24b_awq,shared54,happiness,LLL,6.64659991158267
mistral_small_3_24b_awq,shared54,happiness,NNN,6.9010097259062775
mistral_small_3_24b_awq,shared54,neutral,HHH,7.175053050397878
mistral_small_3_24b_awq,shared54,neutral,HHL,6.980925729442971
mistral_small_3_24b_awq,shared54,neutral,HLH,7.134967727674623
mistral_small_3_24b_awq,shared54,neutral,HLL,6.835628205128206
mistral_small_3_24b_awq,shared54,neutral,LHH,6.864337312113174
mistral_small_3_24b_awq,shared54,neutral,LHL,6.796976127320955
mistral_small_3_24b_awq,shared54,neutral,LLH,7.314093280282935
mistral_small_3_24b_awq,shared54,neutral,LLL,6.976693633952254
mistral_small_3_24b_awq,shared54,neutral,NNN,6.703847038019452
mistral_small_3_24b_awq,shared54,sadness,HHH,6.650317860300619
mistral_small_3_24b_awq,shared54,sadness,HHL,6.785762157382847
mistral_small_3_24b_awq,shared54,sadness,HLH,6.709571175950486
mistral_small_3_24b_awq,shared54,sadness,HLL,6.940933244916003
mistral_small_3_24b_awq,shared54,sadness,LHH,6.8904261715296204
mistral_small_3_24b_awq,shared54,sadness,LHL,6.586448275862069
mistral_small_3_24b_awq,shared54,sadness,LLH,6.930002652519893
mistral_small_3_24b_awq,shared54,sadness,LLL,7.27717860300619
mistral_small_3_24b_awq,shared54,sadness,NNN,6.880648541114058
qwen2.5-32b-awq,shared54,anger,HHH,6.777995579133511
qwen2.5-32b-awq,shared54,anger,HHL,7.125816976127321
qwen2.5-32b-awq,shared54,anger,HLH,6.9777793987621575
qwen2.5-32b-awq,shared54,anger,HLL,6.789361626878868
qwen2.5-32b-awq,shared54,anger,LHH,6.962589743589743
qwen2.5-32b-awq,shared54,anger,LHL,7.2224787798408485
qwen2.5-32b-awq,shared54,anger,LLH,7.362053934571176
qwen2.5-32b-awq,shared54,anger,LLL,7.122564544650751
qwen2.5-32b-awq,shared54,anger,NNN,7.342363837312113
qwen2.5-32b-awq,shared54,disgust,HHH,6.836359416445623
qwen2.5-32b-awq,shared54,disgust,HHL,6.8680066312997345
qwen2.5-32b-awq,shared54,disgust,HLH,7.199499115826701
qwen2.5-32b-awq,shared54,disgust,HLL,6.949258178603006
qwen2.5-32b-awq,shared54,disgust,LHH,6.942524314765693
qwen2.5-32b-awq,shared54,disgust,LHL,7.169667108753316
qwen2.5-32b-awq,shared54,disgust,LLH,7.185990716180371
qwen2.5-32b-awq,shared54,disgust,LLL,7.2766905393457115
qwen2.5-32b-awq,shared54,disgust,NNN,6.643079133510168
qwen2.5-32b-awq,shared54,fear,HHH,6.945299734748011
qwen2.5-32b-awq,shared54,fear,HHL,6.855482758620689
qwen2.5-32b-awq,shared54,fear,HLH,7.078758178603006
qwen2.5-32b-awq,shared54,fear,HLL,7.397131741821397
qwen2.5-32b-awq,shared54,fear,LHH,7.36353006189213
qwen2.5-32b-awq,shared54,fear,LHL,6.863127763041556
qwen2.5-32b-awq,shared54,fear,LLH,6.8689173297966395
qwen2.5-32b-awq,shared54,fear,LLL,6.86343943412909
qwen2.5-32b-awq,shared54,fear,NNN,7.327076038903625
qwen2.5-32b-awq,shared54,happiness,HHH,7.098936339522546
qwen2.5-32b-awq,shared54,happiness,HHL,7.154859858532273
qwen2.5-32b-awq,shared54,happiness,HLH,6.619916445623343
qwen2.5-32b-awq,shared54,happiness,HLL,7.028397435897436
qwen2.5-32b-awq,shared54,happiness,LHH,6.995014146772768
qwen2.5-32b-awq,shared54,happiness,LHL,7.112998673740053
qwen2.5-32b-awq,shared54,happiness,LLH,7.289469053934571
qwen2.5-32b-awq,shared54,happiness,LLL,7.200637488947834
qwen2.5-32b-awq,shared54,happiness,NNN,7.037312113174182
qwen2.5-32b-awq,shared54,neutral,HHH,6.63649557913351
qwen2.5-32b-awq,shared54,neutral,HHL,6.660999557913351
qwen2.5-32b-awq,shared54,neutral,HLH,7.556580901856765
qwen2.5-32b-awq,shared54,neutral,HLL,7.061614058355438
qwen2.5-32b-awq,shared54,neutral,LHH,7.192499115826703
qwen2.5-32b-awq,shared54,neutral,LHL,7.354717064544651
qwen2.5-32b-awq,shared54,neutral,LLH,7.05690008841733
qwen2.5-32b-awq,shared54,neutral,LLL,7.391296198054819
qwen2.5-32b-awq,shared54,neutral,NNN,7.385731653404067
qwen2.5-32b-awq,shared54,sadness,HHH,6.781334217506632
qwen2.5-32b-awq,shared54,sadness,HHL,7.2704783377541995
qwen2.5-32b-awq,shared54,sadness,HLH,7.133294429708223
qwen2.5-32b-awq,shared54,sadness,HLL,6.913547745358089
qwen2.5-32b-awq,shared54,sadness,LHH,6.647150751547303
qwen2.5-32b-awq,shared54,sadness,LHL,7.5424482758620695
qwen2.5-32b-awq,shared54,sadness,LLH,6.93993899204244
qwen2.5-32b-awq,shared54,sadness,LLL,7.313970822281168
qwen2.5-32b-awq,shared54,sadness,NNN,6.661123784261716
qwen2_5_1_5b,shared54,anger,HHH,6.249465959328028
qwen2_5_1_5b,shared54,anger,HHL,6.594084438549955
qwen2_5_1_5b,shared54,anger,HLH,6.407593280282935
qwen2_5_1_5b,shared54,anger,HLL,6.725211317418214
qwen2_5_1_5b,shared54,anger,LHH,6.579104332449161
qwen2_5_1_5b,shared54,anger,LHL,6.515763041556145
qwen2_5_1_5b,shared54,anger,LLH,6.574843943412909
qwen2_5_1_5b,shared54,anger,LLL,6.320324933687002
qwen2_5_1_5b,shared54,anger,NNN,6.506657382847038
qwen2_5_1_5b,shared54,disgust,HHH,6.509995137046861
qwen2_5_1_5b,shared54,disgust,HHL,6.543978779840849
qwen2_5_1_5b,shared54,disgust,HLH,6.376806366047745
qwen2_5_1_5b,shared54,disgust,HLL,6.417194960212201
qwen2_5_1_5b,shared54,disgust,LHH,6.28436118479222
qwen2_5_1_5b,shared54,disgust,LHL,6.449797966401415
qwen2_5_1_5b,shared54,disgust,LLH,6.574172413793104
qwen2_5_1_5b,shared54,disgust,LLL,6.343251989389921
qwen2_5_1_5b,shared54,disgust,NNN,6.605201149425287
qwen2_5_1_5b,shared54,fear,HHH,6.337099027409372
qwen2_5_1_5b,shared54,fear,HHL,6.322722811671087
qwen2_5_1_5b,shared54,fear,HLH,6.596851016799293
qwen2_5_1_5b,shared54,fear,HLL,6.546402740937224
qwen2_5_1_5b,shared54,fear,LHH,6.246435455349248
qwen2_5_1_5b,shared54,fear,LHL,6.209966843501325
qwen2_5_1_5b,shared54,fear,LLH,6.364557471264368
qwen2_5_1_5b,shared54,fear,LLL,6.214449160035366
qwen2_5_1_5b,shared54,fear,NNN,6.487897877984085
qwen2_5_1_5b,shared54,happiness,HHH,6.2578589743589745
qwen2_5_1_5b,shared54,happiness,HHL,6.601333775419982
qwen2_5_1_5b,shared54,happiness,HLH,6.577900972590628
qwen2_5_1_5b,shared54,happiness,HLL,6.688998673740053
qwen2_5_1_5b,shared54,happiness,LHH,6.363224137931034
qwen2_5_1_5b,shared54,happiness,LHL,6.5572656940760385
qwen2_5_1_5b,shared54,happiness,LLH,6.582637488947834
qwen2_5_1_5b,shared54,happiness,LLL,6.5459487179487175
qwen2_5_1_5b,shared54,happiness,NNN,6.262961980548187
qwen2_5_1_5b,shared54,neutral,HHH,6.52979575596817
qwen2_5_1_5b,shared54,neutral,HHL,6.538682581786031
qwen2_5_1_5b,shared54,neutral,HLH,6.330705570291777
qwen2_5_1_5b,shared54,neutral,HLL,6.695420866489831
qwen2_5_1_5b,shared54,neutral,LHH,6.439655614500442
qwen2_5_1_5b,shared54,neutral,LHL,6.370653404067197
qwen2_5_1_5b,shared54,neutral,LLH,6.500432360742706
qwen2_5_1_5b,shared54,neutral,LLL,6.427503536693192
qwen2_5_1_5b,shared54,neutral,NNN,6.367065870910698
qwen2_5_1_5b,shared54,sadness,HHH,6.247175066312997
qwen2_5_1_5b,shared54,sadness,HHL,6.544979664014146
qwen2_5_1_5b,shared54,sadness,HLH,6.5496127320954916
qwen2_5_1_5b,shared54,sadness,HLL,6.370836870026525
qwen2_5_1_5b,shared54,sadness,LHH,6.28951282051282
qwen2_5_1_5b,shared54,sadness,LHL,6.3518050397877985
qwen2_5_1_5b,shared54,sadness,LLH,6.609105658709106
qwen2_5_1_5b,shared54,sadness,LLL,6.259544208664899
qwen2_5_1_5b,shared54,sadness,NNN,6.399996463306808
