model,assignment,planner_profile,implementer_profile,reviewer_profile,passed,evaluated,total,pass_at_1
llama_3_1_8b,mixed24,LLH_happiness,LLH_happiness,LLH_sadness,47,282,282,0.16666666666666666
llama_3_1_8b,mixed24,LLH_happiness,LLH_happiness,NNN_neutral,54,282,282,0.19148936170212766
llama_3_1_8b,mixed24,LLH_happiness,LLH_sadness,LLH_happiness,45,282,282,0.1595744680851064
llama_3_1_8b,mixed24,LLH_happiness,LLH_sadness,LLH_sadness,47,282,282,0.16666666666666666
llama_3_1_8b,mixed24,LLH_happiness,LLH_sadness,NNN_neutral,43,282,282,0.1524822695035461
llama_3_1_8b,mixed24,LLH_happiness,NNN_neutral,LLH_happiness,49,282,282,0.17375886524822695
llama_3_1_8b,mixed24,LLH_happiness,NNN_neutral,LLH_sadness,48,282,282,0.1702127659574468
llama_3_1_8b,mixed24,LLH_happiness,NNN_neutral,NNN_neutral,47,282,282,0.16666666666666666
llama_3_1_8b,mixed24,LLH_sadness,LLH_happiness,LLH_happiness,57,282,282,0.20212765957446807
llama_3_1_8b,mixed24,LLH_sadness,LLH_happiness,LLH_sadness,53,282,282,0.1879432624113475
llama_3_1_8b,mixed24,LLH_sadness,LLH_happiness,NNN_neutral,55,282,282,0.1950354609929078
llama_3_1_8b,mixed24,LLH_sadness,LLH_sadness,LLH_happiness,51,282,282,0.18085106382978725
llama_3_1_8b,mixed24,LLH_sadness,LLH_sadness,NNN_neutral,52,282,282,0.18439716312056736
llama_3_1_8b,mixed24,LLH_sadness,NNN_neutral,LLH_happiness,54,282,282,0.19148936170212766
llama_3_1_8b,mixed24,LLH_sadness,NNN_neutral,LLH_sadness,50,282,282,0.1773049645390071
llama_3_1_8b,mixed24,LLH_sadness,NNN_neutral,NNN_neutral,54,282,282,0.19148936170212766
llama_3_1_8b,mixed24,NNN_neutral,LLH_happiness,LLH_happiness,50,282,282,0.1773049645390071
llama_3_1_8b,mixed24,NNN_neutral,LLH_happiness,LLH_sadness,50,282,282,0.1773049645390071
llama_3_1_8b,mixed24,NNN_neutral,LLH_happiness,NNN_neutral,50,282,282,0.1773049645390071
llama_3_1_8b,mixed24,NNN_neutral,LLH_sadness,LLH_happiness,46,282,282,0.16312056737588654
llama_3_1_8b,mixed24,NNN_neutral,LLH_sadness,LLH_sadness,43,282,282,0.1524822695035461
llama_3_1_8b,mixed24,NNN_neutral,LLH_sadness,NNN_neutral,47,282,282,0.16666666666666666
llama_3_1_8b,mixed24,NNN_neutral,NNN_neutral,LLH_happiness,49,282,282,0.17375886524822695
llama_3_1_8b,mixed24,NNN_neutral,NNN_neutral,LLH_sadness,47,282,282,0.16666666666666666
mistral_small_3_24b_awq,mixed24,HHH_happiness,HHH_happiness,LHH_neutral,96,282,282,0.3404255319148936
mistral_small_3_24b_awq,mixed24,HHH_happiness,HHH_happiness,LLH_fear,93,282,282,0.32978723404255317
mistral_small_3_24b_awq,mixed24,HHH_happiness,LHH_neutral,HHH_happiness,98,282,282,0.3475177304964539
mistral_small_3_24b_awq,mixed24,HHH_happiness,LHH_neutral,LHH_neutral,98,282,282,0.3475177304964539
mistral_small_3_24b_awq,mixed24,HHH_happiness,LHH_neutral,LLH_fear,94,282,282,0.3333333333333333
mistral_small_3_24b_awq,mixed24,HHH_happiness,LLH_fear,HHH_happiness,99,282,282,0.35106382978723405
mistral_small_3_24b_awq,mixed24,HHH_happiness,LLH_fear,LHH_neutral,104,282,282,0.36879432624113473
mistral_small_3_24b_awq,mixed24,HHH_happiness,LLH_fear,LLH_fear,101,282,282,0.35815602836879434
mistral_small_3_24b_awq,mixed24,LHH_neutral,HHH_happiness,HHH_happiness,92,282,282,0.3262411347517731
mistral_small_3_24b_awq,mixed24,LHH_neutral,HHH_happiness,LHH_neutral,95,282,282,0.33687943262411346
mistral_small_3_24b_awq,mixed24,LHH_neutral,HHH_happiness,LLH_fear,87,282,282,0.30851063829787234
mistral_small_3_24b_awq,mixed24,LHH_neutral,LHH_neutral,HHH_happiness,94,282,282,0.3333333333333333
mistral_small_3_24b_awq,mixed24,LHH_neutral,LHH_neutral,LLH_fear,95,282,282,0.33687943262411346
mistral_small_3_24b_awq,mixed24,LHH_neutral,LLH_fear,HHH_happiness,95,282,282,0.33687943262411346
mistral_small_3_24b_awq,mixed24,LHH_neutral,LLH_fear,LHH_neutral,87,282,282,0.30851063829787234
mistral_small_3_24b_awq,mixed24,LHH_neutral,LLH_fear,LLH_fear,94,282,282,0.3333333333333333
mistral_small_3_24b_awq,mixed24,LLH_fear,HHH_happiness,HHH_happiness,95,282,282,0.33687943262411346
mistral_small_3_24b_awq,mixed24,LLH_fear,HHH_happiness,LHH_neutral,96,282,282,0.3404255319148936
mistral_small_3_24b_awq,mixed24,LLH_fear,HHH_happiness,LLH_fear,90,282,282,0.3191489361702128
mistral_small_3_24b_awq,mixed24,LLH_fear,LHH_neutral,HHH_happiness,90,282,282,0.3191489361702128
mistral_small_3_24b_awq,mixed24,LLH_fear,LHH_neutral,LHH_neutral,94,282,282,0.3333333333333333
mistral_small_3_24b_awq,mixed24,LLH_fear,LHH_neutral,LLH_fear,88,282,282,0.3120567375886525
mistral_small_3_24b_awq,mixed24,LLH_fear,LLH_fear,HHH_happiness,89,282,282,0.31560283687943264
mistral_small_3_24b_awq,mixed24,LLH_fear,LLH_fear,LHH_neutral,95,282,282,0.33687943262411346
qwen2.5-32b-awq,mixed24,HHH_sadness,HHH_sadness,LHL_happiness,124,282,282,0.4397163120567376
qwen2.5-32b-awq,mixed24,HHH_sadness,HHH_sadness,NNN_fear,127,282,282,0.450354609929078
qwen2.5-32b-awq,mixed24,HHH_sadness,LHL_happiness,HHH_sadness,123,282,282,0.43617021276595747
qwen2.5-32b-awq,mixed24,HHH_sadness,LHL_happiness,LHL_happiness,119,282,282,0.4219858156028369
qwen2.5-32b-awq,mixed24,HHH_sadness,LHL_happiness,NNN_fear,126,282,282,0.44680851063829785
qwen2.5-32b-awq,mixed24,HHH_sadness,NNN_fear,HHH_sadness,124,282,282,0.4397163120567376
qwen2.5-32b-awq,mixed24,HHH_sadness,NNN_fear,LHL_happiness,123,282,282,0.43617021276595747
qwen2.5-32b-awq,mixed24,HHH_sadness,NNN_fear,NNN_fear,120,282,282,0.425531914893617
qwen2.5-32b-awq,mixed24,LHL_happiness,HHH_sadness,HHH_sadness,103,282,282,0.36524822695035464
qwen2.5-32b-awq,mixed24,LHL_happiness,HHH_sadness,LHL_happiness,113,282,282,0.40070921985815605
qwen2.5-32b-awq,mixed24,LHL_happiness,HHH_sadness,NNN_fear,116,282,282,0.41134751773049644
qwen2.5-32b-awq,mixed24,LHL_happiness,LHL_happiness,HHH_sadness,111,282,282,0.39361702127659576
qwen2.5-32b-awq,mixed24,LHL_happiness,LHL_happiness,NNN_fear,118,282,282,0.41843971631205673
qwen2.5-32b-awq,mixed24,LHL_happiness,NNN_fear,HHH_sadness,103,282,282,0.36524822695035464
qwen2.5-32b-awq,mixed24,LHL_happiness,NNN_fear,LHL_happiness,115,282,282,0.4078014184397163
qwen2.5-32b-awq,mixed24,LHL_happiness,NNN_fear,NNN_fear,112,282,282,0.3971631205673759
qwen2.5-32b-awq,mixed24,NNN_fear,HHH_sadness,HHH_sadness,112,282,282,0.3971631205673759
qwen2.5-32b-awq,mixed24,NNN_fear,HHH_sadness,LHL_happiness,117,282,282,0.4148936170212766
qwen2.5-32b-awq,mixed24,NNN_fear,HHH_sadness,NNN_fear,122,282,282,0.4326241134751773
qwen2.5-32b-awq,mixed24,NNN_fear,LHL_happiness,HHH_sadness,105,282,282,0.3723404255319149
qwen2.5-32b-awq,mixed24,NNN_fear,LHL_happiness,LHL_happiness,121,282,282,0.42907801418439717
qwen2.5-32b-awq,mixed24,NNN_fear,LHL_happiness,NNN_fear,118,282,282,0.41843971631205673
qwen2.5-32b-awq,mixed24,NNN_fear,NNN_fear,HHH_sadness,111,282,282,0.39361702127659576
qwen2.5-32b-awq,mixed24,NNN_fear,NNN_fear,LHL_happiness,117,282,282,0.4148936170212766
qwen2_5_1_5b,mixed24,HHH_disgust,HHH_disgust,LLL_fear,23,282,282,0.08156028368794327
qwen2_5_1_5b,mixed24,HHH_disgust,HHH_disgust,NNN_happiness,22,282,282,0.07801418439716312
qwen2_5_1_5b,mixed24,HHH_disgust,LLL_fear,HHH_disgust,27,282,282,0.09574468085106383
qwen2_5_1_5b,mixed24,HHH_disgust,LLL_fear,LLL_fear,26,282,282,0.09219858156028368
qwen2_5_1_5b,mixed24,HHH_disgust,LLL_fear,NNN_happiness,25,282,282,0.08865248226950355
qwen2_5_1_5b,mixed24,HHH_disgust,NNN_happiness,HHH_disgust,24,282,282,0.0851063829787234
qwen2_5_1_5b,mixed24,HHH_disgust,NNN_happiness,LLL_fear,25,282,282,0.08865248226950355
qwen2_5_1_5b,mixed24,HHH_disgust,NNN_happiness,NNN_happiness,29,282,282,0.10283687943262411
qwen2_5_1_5b,mixed24,LLL_fear,HHH_disgust,HHH_disgust,29,282,282,0.10283687943262411
qwen2_5_1_5b,mixed24,LLL_fear,HHH_disgust,LLL_fear,26,282,282,0.09219858156028368
qwen2_5_1_5b,mixed24,LLL_fear,HHH_disgust,NNN_happiness,24,282,282,0.0851063829787234
qwen2_5_1_5b,mixed24,LLL_fear,LLL_fear,HHH_disgust,24,282,282,0.0851063829787234
qwen2_5_1_5b,mixed24,LLL_fear,LLL_fear,NNN_happiness,23,282,282,0.08156028368794327
qwen2_5_1_5b,mixed24,LLL_fear,NNN_happiness,HHH_disgust,24,282,282,0.0851063829787234
qwen2_5_1_5b,mixed24,LLL_fear,NNN_happiness,LLL_fear,26,282,282,0.09219858156028368
qwen2_5_1_5b,mixed24,LLL_fear,NNN_happiness,NNN_happiness,24,282,282,0.0851063829787234
qwen2_5_1_5b,mixed24,NNN_happiness,HHH_disgust,HHH_disgust,25,282,282,0.08865248226950355
qwen2_5_1_5b,mixed24,NNN_happiness,HHH_disgust,LLL_fear,31,282,282,0.1099290780141844
qwen2_5_1_5b,mixed24,NNN_happiness,HHH_disgust,NNN_happiness,26,282,282,0.09219858156028368
qwen2_5_1_5b,mixed24,NNN_happiness,LLL_fear,HHH_disgust,26,282,282,0.09219858156028368
qwen2_5_1_5b,mixed24,NNN_happiness,LLL_fear,LLL_fear,27,282,282,0.09574468085106383
qwen2_5_1_5b,mixed24,NNN_happiness,LLL_fear,NNN_happiness,27,282,282,0.09574468085106383
qwen2_5_1_5b,mixed24,NNN_happiness,NNN_happiness,HHH_disgust,30,282,282,0.10638297872340426
qwen2_5_1_5b,mixed24,NNN_happiness,NNN_happiness,LLL_fear,29,282,282,0.10283687943262411
